Success_Rate,Debug_Attempts,Code_Size,Cyclomatic_Complexity,Nesting_Depth,LLM-as-a-Judge_Score
0.7352869705882354,4.561148859999999,57.00476264,10.58050194,2.68013588,5.374319092917298
