Success_Rate,Debug_Attempts,Code_Size,Cyclomatic_Complexity,Nesting_Depth,LLM-as-a-Judge_Score
1.0,2.114914252873563,128.7173963908046,27.83687833333333,3.82741967816092,6.439720181503345
