Success_Rate,Debug_Attempts,Code_Size,Cyclomatic_Complexity,Nesting_Depth,LLM-as-a-Judge_Score
0.766717725,4.501257326086957,60.710677108695656,12.021724130434782,2.825953880434782,5.716680241259877
