Success_Rate,Debug_Attempts,Code_Size,Cyclomatic_Complexity,Nesting_Depth,LLM-as-a-Judge_Score
0.6833333333333333,3.391304347826087,55.55434782608695,10.543478260869565,2.5760869565217392,5.716680241259877
0.8333333333333334,5.826086956521739,66.58695652173913,13.847826086956522,3.0760869565217392,5.716680241259877
