Success_Rate,Debug_Attempts,Code_Size,Cyclomatic_Complexity,Nesting_Depth,LLM-as-a-Judge_Score
1.0,1.90009965,113.45893233333332,23.78096258333333,3.7329521000000008,6.501122044329106
