Success_Rate,Debug_Attempts,Code_Size,Cyclomatic_Complexity,Nesting_Depth,LLM-as-a-Judge_Score
0.7846537076923077,5.390920941176471,53.0760884117647,8.46993088235294,2.274618176470588,5.755828337456059
