Success_Rate,Debug_Attempts,Code_Size,Cyclomatic_Complexity,Nesting_Depth,LLM-as-a-Judge_Score
0.7999913454545454,3.989166647727272,47.99902610227273,8.328334375,2.295487136363637,5.5755479955111715
