Success_Rate,Debug_Attempts,Code_Size,Cyclomatic_Complexity,Nesting_Depth,LLM-as-a-Judge_Score
1.0,1.9333137166666667,117.14864853333331,24.883150116666663,3.6833941833333337,6.413394648978625
