Success_Rate,Debug_Attempts,Code_Size,Cyclomatic_Complexity,Nesting_Depth,LLM-as-a-Judge_Score
1.0,2.4532353023255813,127.94787187209302,28.128961476744188,3.674491244186047,6.248827008605123
