Success_Rate,Debug_Attempts,Code_Size,Cyclomatic_Complexity,Nesting_Depth,LLM-as-a-Judge_Score
0.7726727,4.399698929411765,55.38994635294117,9.824168341176469,2.353006105882353,5.780866806340287
