Success_Rate,Debug_Attempts,Code_Size,Cyclomatic_Complexity,Nesting_Depth,LLM-as-a-Judge_Score
0.9019647450980394,3.825272086956522,50.34746443478261,8.97695891304348,2.347622782608696,5.931532644059175
