Success_Rate,Debug_Attempts,Code_Size,Cyclomatic_Complexity,Nesting_Depth,LLM-as-a-Judge_Score
0.7181818181818181,3.0,43.39772727272727,7.068181818181818,2.011363636363636,5.5755479955111715
0.8636363636363636,5.238636363636363,54.31818181818182,10.011363636363637,2.613636363636364,5.5755479955111715
