Success_Rate,Debug_Attempts,Code_Size,Cyclomatic_Complexity,Nesting_Depth,LLM-as-a-Judge_Score
0.7976694404761905,4.32725852238806,54.20898417910448,8.507013880597016,2.4776468208955222,5.274323683868014
