Success_Rate,Debug_Attempts,Code_Size,Cyclomatic_Complexity,Nesting_Depth,LLM-as-a-Judge_Score
0.8048542317073171,3.30251043939394,55.38118,8.757873651515153,2.5758004545454543,5.434680058694095
